first_name;last_name;address;city;county;state;zip;phone1;phone2;email;date_listed;UNOS_status;date_of_birth
James;Butt;6649 N Blue Gum St;New Orleans;Orleans;LA;70116;504-621-8927;504-845-1427;jbutt@gmail.com;9/7/2016;Status 7;10/25/1992
Josephine;Darakjy;4 B Blue Ridge Blvd;Brighton;Livingston;MI;48116;810-292-9388;810-374-9840;josephine_darakjy@darakjy.org;3/24/2015;Status 1B;10/20/2013
Art;Venere;8 W Cerritos Ave #54;Bridgeport;Gloucester;NJ;8014;856-636-8749;856-264-4130;art@venere.org;2/22/2016;Status 1A;10/25/1994
Lenna;Paprocki;639 Main St;Anchorage;Anchorage;AK;99501;907-385-4412;907-921-2010;lpaprocki@hotmail.com;10/27/2016;Status 1B;10/24/1996
Donette;Foller;34 Center St;Hamilton;Butler;OH;45011;513-570-1893;513-549-4561;donette.foller@cox.net;7/3/2015;Status 1B;10/27/1984
Simona;Morasca;3 Mcauley Dr;Ashland;Ashland;OH;44805;419-503-2484;419-800-6759;simona@morasca.com;6/27/2015;Status 1A;10/26/1989
Mitsue;Tollner;7 Eads St;Chicago;Cook;IL;60632;773-573-6914;773-924-8565;mitsue_tollner@yahoo.com;2/18/2015;Status 1B;10/26/1989
Leota;Dilliard;7 W Jackson Blvd;San Jose;Santa Clara;CA;95111;408-752-3500;408-813-1105;leota@hotmail.com;4/13/2015;;10/22/2006
Willow;Kusko;90991 Thorburn Ave;New York;New York;NY;10011;212-582-4976;212-934-5167;wkusko@yahoo.com;6/16/2016;Status 1A;10/26/1990